rs11208659,rs3101337,rs3101336,rs9425089,rs2568958,rs2815752,rs10789336,rs4322186,rs1514176,rs1514175,rs12410097,rs1555543,rs12021920,rs984222,rs1011731,rs543874,rs10913469,rs2605100,rs939582,rs2867124,rs6548238,rs6745262,rs4854343,rs4854344,rs4854345,rs7561317,rs713586,rs887913,rs17049906,rs2943650,rs4684846,rs1822825,rs6795735,rs7647305,rs9816226,rs10938397,rs7687015,rs1800592,rs2112347,rs6861681,rs1294421,rs206936,rs6905288,rs987237,rs2800710,rs9491696,rs1055144,rs17150703,rs13278851,rs13252210,rs516175,rs545854,rs4994,rs4735692,rs58104805,rs10968576,rs10508504,rs4929949,rs4074134,rs4923461,rs925946,rs10501087,rs6265,rs10767664,rs3817334,rs7120548,rs10838738,rs564343,rs660339,rs5443,rs718314,rs1948149,rs7138803,rs1443512,rs4759309,rs11109072,rs7316835,rs2074356,rs17089410,rs7989336,rs1957893,rs79090609,rs1957894,rs2241423,rs2531995,rs10163244,rs11860225,rs4786083,rs10500331,rs8052357,rs11643187,rs11646906,rs12924838,rs1946127,rs11077019,rs8049439,rs4788102,rs7498665,rs7359397,rs6499640,rs9939973,rs9940128,rs1421085,rs1558902,rs1121980,rs72803680,rs7193144,rs8050136,rs8051591,rs9935401,rs3751812,rs9926289,rs9939609,rs7190492,rs9930501,rs9930506,rs9932754,rs8044769,rs1424233,rs9890502,rs7503807,rs1805081,rs571480,rs571312,rs17782313,rs476828,rs12970134,rs477181,rs502933,rs4450508,rs29941,rs442398,rs11084753,rs13041126,rs4823006,Sex,PC0,PC1,PC2,PC3,PC4
0,1,1,1,1,1,1,1,1,1,0,0,1,1,0,0,0,0,0,0,0,1,0,0,0,0,0,1,1,0,0,2,1,0,0,2,0,2,0,0,0,1,0,0,2,2,1,0,0,1,0,0,0,2,0,0,0,1,1,1,0,1,1,1,1,1,1,0,0,1,0,0,0,1,1,0,0,1,0,0,0,0,0,1,1,0,0,2,0,0,0,1,0,1,1,0,0,0,0,0,0,0,0,0,0,0,0,0,0,0,0,0,0,1,0,0,0,1,1,0,1,2,0,0,0,0,0,0,0,0,0,0,0,0,1,2,-0.6782428235958577,-0.8305261447283275,-1.9858612320820672,2.338212962628575,1.059959558959234
0,0,0,0,0,0,0,0,0,0,1,0,0,2,0,0,0,1,0,0,0,1,0,0,0,0,2,1,0,0,0,0,0,0,0,0,0,1,0,0,0,1,2,0,1,1,2,0,0,0,0,0,1,0,0,0,0,1,1,1,0,1,1,1,1,0,1,1,0,1,0,0,0,0,0,0,2,2,0,1,1,0,1,0,0,1,0,1,1,1,0,0,2,0,0,0,0,0,0,1,0,0,0,0,0,2,0,0,0,0,0,0,0,0,1,1,1,0,0,0,0,1,0,0,0,1,0,1,1,0,1,0,2,1,1,2,-0.5424597397523133,0.21739044813604283,0.3886510047773473,0.11826028122306802,-0.01764571784346169
0,0,0,0,0,0,0,0,1,1,2,0,1,0,0,0,0,0,0,0,0,0,0,0,0,0,1,2,0,0,1,1,0,0,0,1,1,1,1,0,2,1,1,1,0,0,0,0,0,1,0,1,0,1,0,0,1,1,0,0,0,2,2,2,0,1,0,1,1,0,2,0,0,0,0,1,0,0,0,1,2,1,2,2,0,1,0,1,0,1,0,0,0,1,1,0,0,0,0,1,1,1,1,1,1,0,1,1,1,1,1,1,1,1,1,1,1,1,1,1,0,1,1,1,1,1,1,1,1,1,0,0,0,1,1,1,2.04964198940709,-2.2332267127305574,2.416710096656331,-1.675079095772543,0.9637010675450238
0,1,1,1,1,1,1,1,0,0,1,0,1,2,0,0,1,0,0,0,0,0,0,0,0,0,0,1,0,0,2,0,0,0,0,1,2,0,1,0,1,1,0,0,1,1,0,0,0,0,0,1,0,2,0,0,0,1,0,0,0,0,0,0,0,0,0,1,0,0,0,0,0,0,0,0,0,1,0,0,1,1,1,0,0,0,0,2,0,0,0,0,2,1,1,1,0,0,0,1,1,1,1,1,1,0,1,1,1,1,1,1,1,0,1,1,1,0,1,1,0,1,0,0,0,0,0,0,0,0,2,2,2,0,2,1,3.5044051104135048,0.24333011129951118,-0.7531540379369028,-0.5662772421651275,3.3584964159386934
0,0,0,0,0,0,0,0,0,0,1,0,0,1,0,0,1,1,0,0,0,1,0,0,0,0,1,0,1,0,2,0,1,0,0,0,1,1,2,0,0,1,0,1,0,0,0,0,0,1,0,1,0,1,0,1,0,1,2,2,0,0,0,0,0,1,0,0,0,0,2,0,0,0,0,0,2,1,0,1,1,0,1,0,1,0,0,2,0,0,0,0,0,0,0,1,0,0,0,0,0,0,0,0,0,0,0,0,0,0,0,0,0,0,0,0,0,1,0,1,0,0,1,1,1,1,0,0,1,1,1,1,2,0,2,2,-0.37825398714570085,1.9194281456186444,0.5254774224865549,0.930731493374626,1.7853608736588347
0,0,0,0,0,0,0,0,1,1,0,1,1,2,1,0,0,0,0,0,0,2,0,0,0,0,1,0,1,0,2,0,1,0,0,1,1,1,0,0,0,0,0,0,0,1,1,0,0,0,0,1,0,0,0,0,0,1,2,2,0,0,0,0,0,1,0,1,0,0,0,0,0,0,0,0,1,0,0,2,2,0,2,1,0,0,1,1,0,1,1,0,1,0,1,1,1,1,1,1,1,1,1,1,1,0,1,1,1,1,1,1,1,1,1,1,1,1,2,0,1,1,0,0,0,0,0,0,0,0,0,0,0,0,1,2,3.4287260743600427,2.3108381594677967,0.2764827183413767,-0.4350339410301735,1.367411435486636
0,0,0,0,0,0,0,0,0,0,1,0,0,1,0,0,0,1,0,0,0,1,0,0,0,0,0,0,0,0,0,1,1,0,0,1,1,1,0,0,0,0,0,0,1,1,0,0,0,1,1,0,0,1,0,2,0,1,0,0,0,2,2,2,0,1,0,1,1,0,0,0,0,0,0,0,1,0,1,2,1,0,1,1,1,0,0,2,0,0,0,0,0,0,1,1,0,0,0,0,1,1,1,1,0,2,0,0,0,0,0,0,0,0,0,0,0,0,1,0,0,1,0,0,0,0,1,1,1,1,1,1,1,1,2,2,-0.09184053769360588,-2.689654327407228,-0.5125346396031148,0.285766933113103,0.8781392560371509
0,1,1,1,1,1,1,1,2,2,2,0,0,1,0,1,1,1,0,0,0,1,0,0,0,0,2,0,0,0,1,1,0,0,0,1,1,1,1,1,0,1,0,0,1,1,0,0,0,0,0,2,0,0,0,0,0,2,0,0,0,2,2,2,1,1,1,1,1,0,0,0,1,0,0,1,1,0,0,2,0,0,0,1,0,1,0,1,1,1,0,0,1,1,1,1,0,0,0,1,0,0,0,0,0,0,0,0,0,0,0,0,0,0,0,0,0,2,1,0,0,0,1,1,1,1,2,2,2,2,0,0,0,0,1,1,-1.9773060287097177,-1.775543687450858,3.136364965638188,0.2317437864545943,1.3881991059903145
0,0,0,0,0,0,0,0,0,0,1,0,0,1,1,0,1,2,0,0,0,0,0,0,0,0,2,1,0,2,1,0,0,2,1,0,1,1,1,0,0,1,2,1,1,1,1,0,0,0,0,2,0,1,1,0,0,1,1,1,0,1,1,1,2,0,2,1,0,0,0,0,0,0,0,0,0,0,0,1,0,0,0,0,1,0,0,2,0,0,0,0,0,1,0,0,0,0,0,0,0,0,0,0,0,1,0,0,0,0,0,0,0,0,0,0,0,1,0,0,0,0,1,1,1,1,1,1,1,1,0,0,0,0,1,1,-1.4046698556104236,-0.1211214102409254,1.5145688527416317,2.1319466319390274,-1.7319370450054072
0,0,0,0,0,0,0,0,1,1,2,0,0,1,1,0,0,0,0,0,0,0,0,0,0,0,1,2,0,0,2,0,0,0,0,2,0,2,1,0,0,1,0,0,1,2,1,0,0,0,0,0,1,1,0,0,0,1,1,1,0,1,2,2,1,0,1,1,2,1,0,0,1,0,0,0,0,0,0,2,1,0,1,0,0,0,0,1,0,1,0,1,0,1,0,0,0,0,0,0,0,0,0,0,0,1,0,0,0,0,0,0,0,1,0,0,0,1,0,0,1,0,0,0,0,0,0,0,0,0,0,0,0,1,1,1,-0.9390150745472693,-0.4608972582374687,-1.1202734348054242,0.7969198176728856,-0.23951903677171607
2,1,1,1,1,1,1,1,1,1,1,0,0,0,0,2,1,0,0,0,0,1,0,0,0,0,2,1,1,0,1,0,0,0,0,2,0,0,2,0,1,2,1,0,1,2,0,0,0,0,0,2,1,0,0,0,0,1,2,2,0,0,1,1,0,2,0,1,0,2,0,0,0,0,0,1,0,0,1,2,0,0,0,0,1,2,0,0,1,2,0,0,1,1,0,0,0,0,0,0,0,0,0,0,0,1,0,0,0,0,0,0,0,1,0,0,0,1,0,0,0,1,1,0,0,0,0,0,0,0,0,0,1,0,0,2,-1.2710627652524562,2.070022989646154,-0.46660334579139584,-0.7110169392976603,0.7323846112712367
0,0,0,0,0,0,0,0,1,1,1,0,0,1,0,1,0,1,0,0,0,2,0,0,0,0,2,1,0,0,2,1,1,1,1,1,1,1,1,0,1,0,0,0,0,1,1,2,2,2,1,0,0,0,0,0,0,0,2,2,0,0,0,0,1,1,1,1,2,0,1,0,0,1,1,0,0,1,0,1,0,0,0,1,0,0,0,0,0,2,0,1,0,1,1,0,0,0,0,0,1,1,1,1,1,1,1,1,1,1,1,1,1,0,1,1,1,0,1,1,0,1,0,0,0,0,0,0,0,0,0,0,1,0,2,1,3.638134981857288,2.1086682298192625,-0.13245044696114242,0.3050088854728694,-1.0125700478763713
0,0,0,0,0,0,0,0,0,0,1,0,0,0,0,0,0,1,0,0,0,1,0,0,0,0,2,1,0,0,1,0,1,0,0,0,0,1,0,0,0,1,0,1,1,1,0,0,0,1,1,0,0,0,1,0,0,0,1,1,0,1,1,1,1,0,1,0,1,0,1,0,1,0,0,0,2,0,0,1,0,0,0,2,2,2,0,0,2,2,0,0,0,2,0,1,1,1,1,0,0,0,0,0,0,2,0,0,0,0,0,0,0,0,0,0,0,0,0,2,0,0,1,1,1,1,2,2,2,2,0,0,0,1,2,2,-1.7943280860195747,0.16790131755193516,3.5944550191488616,0.3850699683328884,-1.6362964120688523
0,0,0,0,0,0,0,0,1,1,2,0,0,0,0,0,0,1,0,0,0,1,0,0,0,0,1,1,0,0,0,1,0,0,0,1,0,1,2,0,0,1,2,0,1,2,0,0,0,1,0,1,1,0,0,0,0,1,0,0,0,1,1,1,0,1,0,0,1,1,0,0,0,0,0,1,0,0,0,0,1,0,1,2,0,1,0,1,0,1,0,0,1,0,0,0,0,0,0,0,1,1,1,1,0,2,0,0,0,0,0,0,0,0,0,0,0,0,1,0,1,0,1,1,1,1,1,1,1,0,1,0,2,2,2,1,-0.7778398264778623,-1.9097226406703438,1.1666692283467344,-0.8821288138685976,0.08490126757944305
0,0,0,0,0,0,0,0,1,1,1,0,1,0,0,1,1,1,0,0,0,0,0,0,0,0,0,0,0,0,1,1,0,1,0,1,0,1,1,0,0,1,0,1,1,1,0,1,1,1,1,1,0,1,0,1,0,1,0,0,0,2,2,2,0,1,0,0,2,2,0,0,0,1,1,1,1,1,0,1,0,0,0,1,0,1,0,1,0,1,0,0,0,0,1,0,0,0,0,0,0,0,0,0,0,1,0,0,0,0,0,0,0,0,0,0,0,0,0,1,1,0,0,0,0,0,0,0,0,0,0,0,0,1,1,1,-0.6395792711407506,-2.2164494868736186,-1.8119303686985122,-0.2441513446379469,-0.701398680592675
0,0,0,0,0,0,0,0,0,0,1,0,0,1,0,0,0,0,0,0,0,0,0,0,0,0,1,1,0,0,2,0,2,0,0,0,0,0,1,0,0,0,0,0,2,2,0,1,1,1,1,0,1,1,1,1,0,1,2,2,0,0,0,0,0,1,0,1,1,0,2,1,0,0,0,0,0,0,0,2,1,0,1,1,1,0,1,1,0,1,1,0,2,2,0,1,0,0,0,1,0,0,0,0,0,0,0,0,0,0,0,0,0,1,0,0,0,2,0,1,0,1,0,0,0,0,0,0,0,0,0,0,0,1,1,1,0.0006933624300738254,3.0669603082602293,-1.053996180351445,1.4969570465858681,1.6139267153735615
0,0,0,0,0,0,0,0,1,1,1,0,0,1,0,0,0,1,0,0,0,1,0,0,0,0,0,1,0,0,1,1,1,0,0,0,0,1,0,0,1,0,0,0,0,0,1,0,0,0,0,0,0,1,1,0,0,1,1,1,0,1,1,1,0,2,0,2,0,1,0,0,1,0,0,0,0,0,0,2,0,0,0,1,0,0,0,1,0,1,0,1,0,1,0,0,0,0,0,0,0,0,0,0,0,2,0,0,0,0,0,0,0,0,0,0,0,0,2,0,0,0,0,0,0,0,0,0,0,0,1,1,2,0,0,2,-0.6899759030554307,0.2019452851749309,-1.5541063393726644,-0.5205910536885502,0.5612520240714868
0,0,0,0,0,0,0,0,0,0,1,0,0,1,0,0,0,0,1,1,1,0,1,1,1,1,0,1,0,0,1,1,0,1,1,0,0,1,1,1,2,0,0,1,0,0,1,1,1,1,1,0,1,1,0,0,0,1,2,2,0,0,0,0,0,0,0,0,0,1,0,0,0,0,0,0,2,1,1,0,0,0,0,0,1,0,1,1,0,1,1,0,0,0,0,0,0,0,0,0,1,1,1,1,1,0,1,1,1,1,1,1,1,1,1,1,1,1,0,1,0,0,0,0,0,0,0,0,0,0,1,0,1,1,1,2,3.558416581429012,2.2559774048638728,-0.8549419641600045,-0.2392299459346882,-0.11913780645457857
0,0,0,0,0,0,0,0,0,0,1,0,0,1,0,1,1,1,0,0,0,0,0,0,0,0,0,0,1,1,2,0,1,0,0,0,1,0,1,0,0,1,0,0,1,1,1,0,0,0,0,1,0,1,0,0,0,1,1,1,0,1,1,1,2,0,2,1,1,0,1,0,2,1,1,0,1,2,1,0,1,0,1,1,1,2,0,0,0,2,0,0,0,2,0,0,0,0,0,0,0,0,0,0,0,2,0,0,0,0,0,0,0,0,0,0,0,0,0,0,1,0,1,1,1,1,1,1,1,1,2,1,2,0,1,1,-2.112473604530183,0.5220130440237502,1.3418170099964932,-0.9620669997087515,-0.9282843232241169
0,0,0,0,0,0,0,0,0,0,1,0,0,1,0,0,0,1,1,1,1,0,1,1,1,1,1,2,0,0,0,2,0,0,0,1,1,0,1,0,1,1,2,0,0,0,1,0,0,0,0,1,0,0,0,0,0,0,1,1,0,1,1,1,0,1,0,1,1,0,0,0,0,0,0,0,2,0,0,1,1,0,1,1,1,1,0,1,0,1,0,0,0,1,0,1,1,1,1,0,1,1,0,0,0,1,0,0,0,0,0,0,0,1,0,0,0,1,1,0,1,0,0,0,0,0,0,0,0,0,1,0,1,0,1,1,-0.4794480878071154,0.6484329190096463,-0.9501698664909353,-2.1961090174491664,-0.7759686052986571
0,0,0,0,0,0,0,0,1,1,1,0,0,1,0,0,0,1,0,0,0,1,0,0,0,0,1,1,1,1,0,1,0,0,0,2,0,1,1,0,1,2,1,0,0,0,1,2,2,1,1,1,0,0,0,0,1,1,2,2,0,0,0,0,1,0,1,1,2,0,1,0,1,1,1,0,1,0,0,1,1,0,1,1,0,1,1,0,2,2,1,1,1,1,0,2,0,0,0,1,0,0,0,0,0,0,0,0,0,0,0,0,0,1,0,0,0,2,0,0,0,0,0,0,0,0,0,0,0,0,0,0,1,0,1,2,-0.6153248102624058,3.018131558933534,-0.7371064109620815,-0.9686689251419776,-0.5484194362925667
1,0,0,0,0,0,0,0,0,0,1,1,0,1,1,0,1,0,0,0,0,1,0,0,0,0,1,1,0,1,1,0,1,0,0,1,0,1,1,0,0,1,0,0,0,1,2,0,0,1,0,1,0,2,0,2,1,1,0,0,0,2,2,2,1,1,1,1,0,1,1,0,0,1,1,0,1,0,0,0,0,0,0,0,0,0,0,2,0,0,0,0,0,0,1,1,1,1,1,0,2,2,1,1,2,0,1,1,1,1,1,1,1,0,1,2,2,0,0,1,1,0,0,0,0,0,0,0,0,0,1,1,1,1,1,1,4.5116867627574395,-2.614648445761265,-0.544890799393231,0.2938228088713175,-0.5827567570743009
0,0,0,0,0,0,0,0,0,0,2,0,1,1,0,1,1,0,0,0,0,1,0,0,0,0,0,0,1,0,0,2,1,1,0,1,0,1,1,0,0,1,1,0,1,1,1,0,0,0,0,2,0,1,0,0,0,0,1,1,1,1,1,1,1,0,1,0,0,2,2,2,0,0,0,1,0,1,0,0,0,0,0,1,0,1,0,1,0,1,0,0,0,1,0,1,0,0,0,0,0,0,0,0,0,0,0,0,0,0,0,0,0,2,0,0,0,2,2,0,0,0,0,0,0,1,0,1,1,0,1,1,1,0,1,2,-1.7107300437127273,0.22578641884477973,-0.43788029852958193,-0.5308448506925505,-0.17474660696157893
0,0,0,0,0,0,0,0,0,0,1,0,0,0,1,1,1,0,0,0,0,0,0,0,0,0,2,0,0,0,0,2,0,0,0,1,1,1,0,0,0,1,1,0,1,1,2,0,0,0,0,1,0,1,0,1,0,2,1,1,0,1,1,2,1,0,1,1,1,1,0,0,1,1,1,1,0,1,0,1,0,0,0,0,2,1,0,1,0,1,0,0,0,2,1,0,0,0,0,1,0,0,0,0,0,0,0,0,0,0,0,0,0,1,0,0,0,2,1,0,1,2,0,0,0,0,0,0,0,0,0,0,2,1,0,1,-1.438954058686757,-0.14333215690396253,-1.1920399088595854,-0.40197880345290254,-1.4394735006074584
0,1,1,0,1,1,1,0,1,1,2,0,0,1,0,0,0,0,0,0,0,0,0,0,0,0,2,1,0,0,1,0,1,1,1,0,0,2,0,0,0,1,0,0,0,0,1,0,0,1,1,1,0,0,0,0,0,1,2,2,0,0,0,0,0,2,0,1,1,0,0,0,0,0,0,1,1,0,0,1,0,0,0,1,2,1,0,1,0,1,0,0,1,1,1,1,0,0,0,2,2,2,2,2,2,0,2,2,2,2,2,2,2,0,1,2,2,0,2,0,0,0,1,1,1,1,1,1,1,1,0,0,0,0,1,1,6.026012681644846,1.4459355331198953,4.404030044972699,0.4693659009897182,1.2815213937928451
0,1,1,1,1,1,1,1,1,1,2,0,0,1,0,0,0,1,0,0,0,1,0,0,0,0,1,1,0,0,0,1,1,0,0,1,1,1,0,0,0,1,1,1,2,2,2,1,1,1,1,1,0,1,0,0,0,1,1,1,0,1,1,1,0,1,0,1,1,2,1,0,1,0,0,1,0,1,1,1,1,0,1,1,1,0,0,1,0,1,0,1,0,0,0,1,0,0,0,0,0,0,0,0,0,0,0,0,0,0,0,0,0,2,0,0,0,2,1,1,1,0,0,0,0,1,0,1,1,0,1,1,1,1,0,1,-1.4047765006889381,-0.37744053502167524,-0.7364565006207076,0.7999572757329997,2.533461458516992
0,0,0,0,0,0,0,0,2,2,0,0,0,0,0,1,1,0,1,1,1,1,1,1,1,1,0,0,1,0,2,0,0,1,0,0,0,1,1,0,0,1,1,0,1,1,2,2,2,2,2,1,1,2,0,0,0,0,2,2,0,0,0,0,1,0,1,0,0,0,2,0,0,0,0,1,0,0,0,1,0,0,0,1,0,1,0,1,0,1,0,0,1,1,0,1,1,1,1,0,0,0,0,0,0,1,0,0,0,0,0,0,0,1,1,1,1,0,0,0,1,1,0,0,0,0,0,0,0,0,0,0,0,0,1,2,0.7239265797904826,2.641285912445823,-1.8784548527830576,1.8916117661941432,-1.4158214122798662
0,0,0,0,0,0,0,0,1,1,1,0,0,1,0,0,0,1,0,0,0,0,0,0,0,0,0,1,0,0,1,1,0,0,0,0,0,1,1,0,0,0,1,0,2,2,1,0,0,0,0,1,2,1,0,1,0,0,1,1,0,1,1,1,0,0,0,1,2,1,1,1,0,0,0,0,2,0,0,0,1,0,1,1,1,2,0,0,1,2,0,0,0,1,1,0,0,0,0,1,0,0,0,0,0,0,0,0,0,0,0,0,0,2,0,0,0,2,0,0,0,0,2,2,2,2,1,1,1,1,1,0,1,0,2,1,-2.291493608240903,-0.22057587419937388,2.9418283986433904,-1.1577400441474535,1.1006844426206548
0,0,0,0,0,0,0,0,0,0,1,1,2,1,0,1,1,1,0,0,0,2,0,0,0,0,1,1,0,1,0,2,0,1,1,0,1,1,0,0,1,2,0,0,1,1,0,1,1,1,1,1,0,1,0,2,0,1,1,1,0,1,1,1,2,0,2,0,1,0,1,1,2,0,0,1,0,0,0,1,1,0,1,1,0,0,0,2,0,0,0,0,0,1,1,2,0,0,0,0,0,0,0,0,0,2,0,0,0,0,0,0,0,0,0,0,0,0,1,0,2,1,0,0,0,0,0,0,0,0,0,0,1,1,0,2,-0.6220081136847623,-0.5716995948127053,-2.143470434974616,2.0112606741254493,-2.015086426452622
0,0,0,0,0,0,0,0,1,1,1,0,0,0,1,1,1,0,0,0,0,0,0,0,0,0,0,1,1,0,1,1,0,0,0,0,1,0,1,0,1,0,1,0,0,1,1,0,0,0,0,1,1,0,0,2,0,0,0,0,0,2,2,2,2,0,2,1,0,2,1,0,0,1,1,0,0,0,0,0,1,0,1,2,0,1,0,1,0,1,0,0,0,0,0,0,0,0,0,0,0,0,0,0,0,1,0,0,0,0,0,0,0,1,0,0,0,1,2,0,1,1,1,1,1,1,1,1,1,0,0,0,0,1,0,1,-2.0153733003419583,-1.9803554825929535,0.5456354780366767,-0.2460555657483286,-1.7644399579116996
0,0,0,0,0,0,0,0,0,0,0,2,0,0,0,1,1,1,1,1,1,0,1,1,1,1,0,2,0,0,2,0,2,0,0,2,1,0,1,0,2,1,1,0,0,1,1,0,0,1,0,1,2,1,1,0,0,0,2,2,0,0,0,0,0,2,0,2,0,1,1,1,2,1,1,0,1,1,0,2,0,0,0,2,0,2,0,0,0,2,0,0,0,1,0,1,1,1,1,0,0,0,0,0,0,2,0,0,0,0,0,0,0,0,0,0,0,0,0,1,0,1,1,1,1,1,1,1,1,1,0,0,0,2,0,2,-1.1519789150842372,3.018238400358529,1.0773541962834567,-0.23141150424001727,-1.3079485992369744
0,0,0,0,0,0,0,0,0,0,0,0,0,1,0,0,0,0,0,0,0,2,0,0,0,0,1,1,0,1,1,1,2,0,0,0,1,1,1,0,0,0,0,1,0,0,1,0,0,0,0,0,0,2,0,0,0,1,1,1,0,1,1,1,0,0,0,1,2,1,0,0,0,1,1,1,0,0,1,2,1,0,1,1,1,2,0,0,1,2,0,0,1,1,0,1,0,0,0,0,0,0,0,0,0,2,0,0,0,0,0,0,0,0,0,0,0,0,0,1,0,0,1,1,1,1,1,1,1,1,0,0,0,1,0,1,-1.7054675472703347,0.3273433917903882,1.791923226739842,-0.7157066896072732,-0.27296143186667077
0,0,0,0,0,0,0,0,0,0,0,0,0,2,0,0,0,0,0,0,0,0,0,0,0,0,2,1,0,1,1,0,0,0,0,1,0,0,2,1,1,2,1,0,2,2,0,1,1,1,1,1,0,0,0,1,0,1,0,0,1,2,2,2,1,0,1,0,0,2,1,1,1,1,1,0,1,0,1,1,0,0,0,2,1,1,0,1,0,1,0,0,0,1,1,1,1,1,1,0,2,2,2,2,1,1,1,1,1,1,1,1,1,0,1,1,1,0,0,0,1,1,0,0,0,0,0,0,0,0,1,0,1,1,1,2,3.8631339013805652,-2.4701424602258655,-0.2904443354376912,-0.18160035733766086,-1.9194865157940637
1,0,0,0,0,0,0,0,0,0,1,0,1,2,0,1,1,1,0,0,0,1,0,0,0,0,2,1,0,0,0,2,0,0,0,1,1,0,0,0,1,1,0,0,0,1,1,0,0,0,0,1,0,1,0,0,0,1,0,0,0,2,2,2,1,0,1,1,1,0,0,0,1,1,1,0,0,0,0,0,0,0,0,0,1,0,0,2,0,0,0,0,0,0,0,1,0,0,0,0,0,0,0,0,0,2,0,0,0,0,0,0,0,0,0,0,0,0,0,1,0,1,0,0,0,1,0,1,1,0,1,0,1,0,1,1,-1.1512503837569132,-2.550714222114202,-0.7185610027229961,0.6528093436558464,-1.4889525836437667
0,0,0,0,0,0,0,0,1,1,1,0,0,2,0,0,0,0,0,0,0,1,0,0,0,0,1,1,0,0,0,2,0,1,1,0,0,2,1,0,0,1,1,2,1,1,1,0,0,1,0,1,0,2,0,1,0,0,0,0,1,1,1,1,1,1,1,0,0,2,2,2,2,0,0,0,1,1,0,0,2,2,2,0,0,1,0,0,0,2,0,1,0,1,0,1,0,0,0,1,0,0,0,0,0,0,0,0,0,0,0,0,0,2,0,0,0,2,0,2,0,1,0,0,0,1,0,1,2,1,0,0,2,0,2,1,-1.808283711200072,-1.102652170275652,0.2383294246121509,-0.9740655327455755,1.524562932177955
0,0,0,0,0,0,0,0,1,1,2,0,0,0,1,0,1,0,1,1,1,0,1,1,1,1,2,1,0,0,1,1,1,0,0,1,0,2,2,0,1,2,0,1,1,1,2,0,0,1,0,1,1,0,0,1,0,1,1,1,0,1,1,1,2,0,2,2,1,1,0,0,0,1,1,0,0,1,0,0,0,0,0,2,1,2,0,0,0,2,0,0,0,0,0,0,0,0,0,0,0,0,0,0,0,1,0,0,0,0,0,0,0,1,0,0,0,1,1,1,1,0,0,0,0,0,0,0,0,0,1,0,1,1,1,1,-1.2370187255452663,0.550594721377336,-0.6498685793145607,-0.6798573115208806,-2.515678454695762
0,1,1,0,1,1,1,0,1,1,0,1,1,1,0,0,0,0,1,1,1,0,1,1,1,1,1,2,0,0,0,2,1,0,0,0,0,0,1,0,1,1,1,0,1,1,0,1,1,1,1,0,1,0,0,0,0,0,0,0,0,1,1,1,1,1,1,1,1,2,0,0,0,0,0,1,1,0,1,1,0,0,0,1,2,0,0,2,0,0,0,0,0,0,0,0,0,0,0,0,0,0,0,0,0,0,0,0,0,0,0,0,0,1,0,0,0,1,0,0,1,0,0,0,0,0,0,0,0,0,1,1,1,1,0,1,-0.6826875398577705,-0.9064367537987447,-2.1391503357618666,1.0106250747039336,-0.00796261713348121
0,0,0,0,0,0,0,0,1,1,0,0,0,0,0,0,0,2,0,0,0,1,0,0,0,0,2,0,0,1,0,2,0,0,0,1,0,1,0,0,0,1,0,0,0,0,0,0,0,1,1,0,0,0,0,0,0,0,0,1,0,2,2,2,0,0,0,0,2,0,1,0,1,1,1,0,0,1,0,1,0,0,0,0,1,0,0,2,0,0,0,0,0,1,0,1,0,0,0,0,0,0,0,0,0,0,0,0,0,0,0,0,0,2,0,0,0,2,1,2,0,0,1,1,1,1,1,1,1,1,1,1,1,0,0,1,-1.534129592288404,-2.2417409070139156,0.9570100614309687,0.4513623870296745,-0.2900233284585269
0,0,0,0,0,0,0,0,0,0,2,0,1,0,0,0,0,0,0,0,0,0,0,0,0,0,0,1,1,0,1,1,0,0,0,1,0,1,1,0,0,1,1,0,0,0,1,0,0,1,0,1,0,0,0,1,0,1,2,2,0,0,0,0,1,0,1,1,0,1,1,0,1,0,0,0,1,1,0,1,0,0,0,1,1,1,1,0,0,2,1,0,1,1,0,0,0,0,0,0,0,0,0,0,0,1,0,0,0,0,0,0,0,1,0,0,0,1,1,1,0,0,0,0,0,0,0,0,0,0,0,1,1,1,0,1,-0.896199395028184,3.106049668034649,-0.6864270620327129,-0.5639449590306397,-1.000003194544756
0,0,0,0,0,0,0,0,0,0,1,1,0,2,0,0,0,0,0,0,0,1,0,0,0,0,1,0,0,0,1,1,1,0,0,1,1,1,2,0,1,0,1,0,1,1,2,0,0,0,0,1,1,1,2,0,0,0,1,1,0,0,0,0,1,1,1,1,1,1,1,0,0,1,1,0,2,0,1,2,2,1,2,1,1,0,0,1,0,1,0,1,0,1,0,0,0,0,0,1,0,0,0,0,0,0,0,0,0,0,0,0,0,1,0,0,0,2,0,2,0,1,0,0,0,0,1,1,1,1,1,1,1,1,1,1,-1.304110682037591,1.569775081948363,0.15170169954338394,-0.37776392984588414,1.4719394067672207
0,0,0,0,0,0,0,0,0,0,2,0,1,1,0,0,0,0,0,0,0,1,0,0,0,0,0,1,0,0,0,2,0,0,0,1,0,1,1,0,0,1,1,0,0,0,1,0,0,0,0,2,0,0,0,0,0,1,2,2,0,0,0,0,1,0,1,0,2,1,1,0,0,1,1,1,1,0,0,1,0,0,0,1,1,0,0,0,0,2,0,0,1,1,0,1,0,0,0,0,0,0,0,0,0,1,0,0,0,0,0,0,0,1,0,0,0,1,0,0,1,0,2,2,2,2,2,2,2,2,0,0,0,1,1,1,-2.6439064244963504,1.910868297596194,4.292553388074161,0.47067319805724994,-1.0067925058642222
0,0,0,0,0,0,0,0,1,1,0,1,1,1,1,0,1,0,0,0,0,0,0,0,0,0,2,1,0,0,0,2,0,0,0,1,0,2,0,0,1,2,1,1,1,1,0,0,0,2,0,0,1,0,0,0,0,0,1,1,0,1,1,1,0,1,0,1,0,2,0,0,1,1,1,0,0,1,1,2,0,0,0,2,1,1,0,1,0,1,0,0,0,0,0,0,0,0,0,1,0,0,0,0,0,2,0,0,0,0,0,0,0,0,0,0,0,0,1,0,1,1,2,2,2,2,2,2,2,2,1,1,1,1,0,2,-2.4048230843115923,-1.6489160355326535,3.3560058743901453,1.2087960429749343,-0.9076146038802162
0,0,0,0,0,0,0,0,1,1,1,0,0,0,0,1,1,0,0,0,0,1,0,0,0,0,1,0,1,1,0,2,1,0,0,1,0,1,0,1,0,1,0,0,0,0,1,0,0,0,0,2,0,1,0,0,1,1,2,2,0,0,0,0,2,0,2,0,0,0,0,0,0,0,0,0,0,0,0,1,1,1,1,0,1,1,0,1,1,1,0,0,1,1,0,1,0,0,0,1,0,0,0,0,0,1,0,0,0,0,0,0,0,1,0,0,0,1,2,0,1,0,1,1,1,1,1,1,1,1,1,1,1,0,1,1,-1.977933866975133,1.9603744794445823,1.6507156765675863,0.062094775947584564,-0.7983753128439057
0,1,1,1,1,1,1,1,1,1,1,0,0,1,0,0,1,0,0,0,0,1,0,0,0,0,0,0,1,0,1,0,1,0,0,1,0,0,0,0,0,0,1,0,0,0,1,0,0,0,0,1,0,2,0,2,0,1,2,2,0,0,0,0,0,1,0,0,1,0,0,0,1,0,0,1,0,0,0,1,1,0,1,0,0,2,0,0,2,2,0,0,2,1,1,1,0,0,0,1,0,0,0,0,0,1,0,0,0,0,0,0,0,0,0,0,0,1,1,1,0,0,0,0,0,0,0,0,0,0,0,0,1,0,1,1,-0.7787568930518579,3.0517066596301405,-0.4865369689265773,-0.935249308473841,2.2796922480554263
0,0,0,0,0,0,0,0,0,0,1,0,1,1,0,0,0,0,0,0,0,0,0,0,0,0,1,2,0,0,2,0,0,0,0,0,0,1,1,0,0,2,0,0,1,1,2,0,0,1,1,0,2,2,0,1,1,1,0,0,1,2,2,2,0,1,0,0,1,1,0,0,1,0,0,0,1,1,0,0,1,0,1,1,0,0,0,2,0,0,0,2,0,1,0,0,0,0,0,1,0,0,0,0,0,1,0,0,0,0,0,0,0,1,0,0,0,1,1,0,1,0,1,1,1,1,1,1,1,2,2,1,2,1,2,2,-1.3673369232306947,-2.9290541623290482,0.41386028275629316,0.881336556791983,2.0979900165326297
0,0,0,0,0,0,0,0,0,0,0,0,1,0,0,1,2,1,0,0,0,1,0,0,0,0,2,1,1,0,2,0,0,0,0,1,1,0,2,0,0,0,0,0,0,0,0,1,1,2,1,0,0,1,1,1,1,0,1,1,0,0,0,0,0,1,0,0,1,0,1,1,1,0,0,0,1,1,0,1,1,0,1,0,0,0,1,1,0,1,1,1,0,2,0,1,0,0,0,1,2,2,2,2,2,0,2,2,2,2,2,2,2,0,1,2,2,0,1,1,0,0,0,0,0,0,0,0,0,0,1,0,1,0,1,1,7.143481154090266,1.0821562339420505,0.3795025019949438,-0.9274132220621736,0.4181789662727716
0,0,0,0,0,0,0,0,0,0,2,0,0,0,1,0,0,0,0,0,0,1,0,0,0,0,0,0,1,0,0,2,0,1,1,1,0,1,1,0,1,2,0,0,2,2,0,0,0,0,0,2,1,1,0,0,1,0,2,2,0,0,0,0,1,0,1,0,2,1,1,1,0,1,1,1,1,1,0,1,1,0,1,1,2,2,0,0,0,2,0,0,0,0,0,1,0,0,0,1,0,0,0,0,0,0,0,0,0,0,0,0,0,0,0,0,0,1,1,0,1,2,0,0,0,0,0,0,0,0,0,0,0,0,1,2,-1.3416537433115499,2.331012830861774,-0.7386021106755966,-0.5662982407944166,-1.1914955420139897
1,0,0,0,0,0,0,0,0,0,1,0,0,0,0,1,1,0,0,0,0,0,0,0,0,0,1,1,1,1,2,0,0,0,0,1,0,1,1,0,0,1,0,0,0,0,0,0,0,0,0,1,0,1,0,0,0,1,2,2,0,0,0,0,1,0,1,0,2,1,1,0,2,1,1,1,0,0,0,1,1,0,1,0,1,1,0,0,0,2,0,1,0,0,1,0,0,0,0,1,0,0,0,0,0,1,0,0,0,0,0,0,0,0,0,0,0,1,0,0,0,0,0,0,0,0,0,0,0,0,0,1,1,2,0,1,-0.9158577973419685,2.877851547346244,-0.6870769602612407,-0.5798182458851776,-0.9810918112637481
0,0,0,0,0,0,0,0,0,0,1,0,1,2,0,0,0,1,1,1,1,1,1,1,1,1,2,2,0,0,2,0,0,0,0,1,0,1,1,0,1,1,1,0,1,2,1,1,1,1,1,0,0,1,1,0,0,0,2,2,0,0,0,0,2,0,2,2,0,2,0,0,1,0,0,1,1,0,0,2,0,0,0,1,0,1,0,1,0,1,0,0,0,1,0,0,0,0,0,1,1,1,1,1,1,0,1,1,1,1,1,1,1,1,1,1,1,1,0,0,0,1,0,0,0,0,0,0,0,0,1,1,1,0,0,1,3.190656342440082,2.704020423280302,-0.31492378984053643,0.548066265526313,-1.1342565311996513
0,0,0,0,0,0,0,0,0,0,0,0,0,0,0,1,0,0,1,1,1,1,1,1,1,1,0,1,1,0,1,1,1,0,0,1,0,1,1,0,0,1,0,0,2,2,0,1,1,1,1,1,0,1,0,0,0,0,0,0,0,2,1,1,0,1,0,0,2,2,0,0,0,0,0,0,2,0,0,1,1,0,1,0,1,0,1,0,0,2,1,1,1,1,0,0,0,0,0,0,0,0,0,0,0,1,0,0,0,0,0,0,0,1,0,0,0,1,0,2,0,0,0,0,0,0,0,0,0,0,0,0,0,0,2,2,-0.7493307595020832,-0.38227987004576874,-2.0505324824160334,-1.1111613790676869,0.3499632118560195
0,0,0,0,0,0,0,0,1,1,1,0,0,1,0,0,0,0,0,0,0,1,0,0,0,0,1,0,0,0,0,1,1,0,0,0,0,0,0,0,0,1,0,0,0,2,0,0,0,0,0,1,0,1,1,0,0,1,1,1,0,1,1,1,1,0,1,1,1,1,1,0,0,0,0,0,0,0,0,1,0,0,0,1,1,1,0,1,0,1,0,0,0,2,0,0,0,0,0,0,0,0,0,0,0,1,0,0,0,0,0,0,0,0,0,0,0,1,0,0,1,0,1,1,1,1,1,1,1,1,0,0,0,0,0,1,-1.8614419699870248,-0.01612723791396729,1.6595180329407868,1.009035357254437,-0.8922651328335369
0,0,0,0,0,0,0,0,1,1,2,0,0,1,0,0,0,0,0,0,0,0,0,0,0,0,1,1,0,0,2,0,0,0,0,0,0,2,1,2,1,0,0,1,1,1,2,0,0,1,0,0,0,0,1,0,0,1,1,1,0,1,1,1,0,1,0,1,2,1,2,0,0,2,2,0,1,0,1,1,1,0,1,1,0,0,0,2,0,0,0,0,0,0,0,1,1,1,1,1,0,0,0,0,0,1,0,0,0,0,0,0,0,0,0,0,0,1,0,1,1,0,0,0,0,0,0,0,1,1,0,0,0,2,1,1,-0.29969865950121605,-0.1309196330752966,-0.3867337129703934,1.0176074943789668,0.12734537442255306
0,0,0,0,0,0,0,0,0,0,1,1,0,1,0,0,0,1,0,0,0,0,0,0,0,0,1,0,2,0,0,2,0,0,0,0,0,1,0,0,1,0,1,0,0,0,1,1,1,1,1,0,0,1,0,0,0,0,1,1,1,1,1,1,0,1,0,0,2,2,0,0,0,0,0,1,0,0,1,1,1,0,1,1,1,1,0,1,0,1,0,0,0,1,0,0,0,0,0,1,0,0,0,0,0,1,0,0,0,0,0,0,0,0,0,0,0,1,1,0,1,0,0,0,0,0,0,0,0,0,1,2,2,0,0,2,-1.0591144314897718,-0.11492466595679607,-1.620431669569582,-1.3668750435485821,0.21638491839398707
0,1,1,1,1,1,1,1,0,0,1,0,0,0,1,0,0,0,0,0,0,0,0,0,0,0,1,1,0,0,2,0,2,0,0,0,0,1,1,0,0,1,1,1,2,2,2,1,1,1,1,0,1,1,0,1,0,1,1,1,0,1,1,1,2,0,2,0,0,0,1,1,2,0,0,1,1,0,0,1,0,0,0,0,1,0,0,2,0,0,0,0,0,1,0,0,0,0,0,0,0,0,0,0,0,2,0,0,0,0,0,0,0,0,0,0,0,0,0,2,0,1,0,0,0,0,1,1,1,1,0,0,0,0,1,1,-0.5264333925192783,-0.13653907793113262,-0.6731066571050193,4.489333507682642,0.10962398848521489
0,0,0,0,0,0,0,0,0,0,2,0,1,1,0,1,1,0,0,0,0,2,0,0,0,0,0,1,0,0,1,0,1,0,0,0,0,2,2,0,0,2,0,1,1,1,1,0,0,0,0,1,0,0,0,0,0,1,1,1,0,1,1,1,0,2,0,2,1,2,1,1,0,1,1,2,0,1,0,1,0,0,0,1,0,1,0,1,1,1,0,0,1,0,0,1,1,1,1,0,1,1,1,1,1,1,1,1,1,1,1,1,1,0,1,1,1,0,1,0,1,0,0,0,0,0,0,0,0,0,0,0,1,0,1,2,2.86069470198708,-0.04212140356822482,-0.10652520608111013,-0.9532765651937984,-0.17682838188004188
0,0,0,0,0,0,0,0,0,0,0,0,0,2,0,0,1,0,0,0,0,0,0,0,0,0,2,1,0,0,0,2,0,0,0,0,0,1,0,0,0,1,1,1,0,0,1,0,0,0,0,0,0,0,0,0,0,1,1,1,0,1,0,0,2,0,2,1,2,2,1,0,0,0,0,0,0,0,0,2,1,0,1,0,1,1,0,1,1,1,0,0,2,1,0,1,0,0,0,0,0,0,0,0,0,2,0,0,0,0,0,0,0,0,0,0,0,0,0,1,0,0,2,2,2,2,2,2,2,2,0,0,0,1,2,1,-2.6106899550239553,0.31909622115121666,4.586225304771845,1.3250041647840298,-1.6064381871775435
0,0,0,0,0,0,0,0,0,0,0,0,1,2,1,0,0,0,0,0,0,0,0,0,0,0,1,1,0,0,1,1,0,0,0,0,0,0,2,0,0,2,1,0,1,1,1,1,1,1,1,0,1,1,0,2,0,1,1,2,0,0,0,0,1,1,1,0,2,1,1,0,2,0,0,1,1,2,1,1,1,0,1,0,0,0,0,2,0,0,0,0,1,0,0,0,0,0,0,1,0,0,0,0,0,1,0,0,0,0,0,0,0,0,0,0,0,1,1,0,1,0,0,0,0,0,0,0,0,0,0,0,0,1,1,1,-0.24528480266180133,1.2011083591403575,-1.8081658706404173,2.5648529458258507,0.17117298732917233
0,0,0,0,0,0,0,0,1,1,2,0,0,2,0,1,0,0,0,0,0,1,0,0,0,0,0,1,0,0,0,2,0,0,0,1,0,2,2,0,0,1,1,0,1,1,0,0,0,1,0,0,1,1,0,0,0,1,0,0,0,1,1,1,0,0,0,1,2,1,0,0,0,1,1,0,0,0,0,0,1,1,1,2,1,1,0,1,1,1,0,0,1,1,0,0,0,0,0,0,1,1,0,0,1,0,0,0,0,0,0,0,0,0,1,1,1,0,1,2,0,1,1,1,1,1,1,1,1,1,1,0,1,0,0,2,-0.23220215855222798,-1.8762533325215254,1.7322323623636107,-1.0907429892834688,0.5160359903008308
0,0,0,0,0,0,0,0,0,0,0,0,0,2,0,0,0,1,0,0,0,0,0,0,0,0,2,2,0,0,0,0,1,0,0,0,0,1,0,0,0,1,1,0,1,1,2,0,0,0,0,1,0,1,1,1,0,1,2,2,0,0,0,0,0,2,0,0,1,1,1,1,0,0,0,1,0,0,0,1,0,0,0,1,1,1,0,1,1,1,0,0,1,1,0,1,0,0,0,1,0,0,0,0,0,2,0,0,0,0,0,0,0,0,1,1,1,0,1,0,1,0,1,1,1,1,1,1,1,1,1,0,1,1,1,1,-0.676674737101379,1.5335485498466521,2.102936503124945,1.2077006854266863,0.15953747219907058
0,0,0,0,0,0,0,0,1,1,1,0,0,2,0,0,0,0,0,0,0,1,0,0,0,0,0,0,0,0,0,2,0,0,0,0,0,1,2,0,0,2,0,1,2,2,1,1,1,1,0,0,0,0,0,0,0,1,2,2,0,0,0,0,1,1,1,1,1,1,2,1,2,1,1,0,0,0,0,1,1,0,1,0,1,1,0,1,1,1,0,0,1,1,0,0,0,0,0,0,0,0,0,0,0,2,0,0,0,0,0,0,0,0,0,0,0,0,0,0,1,0,0,0,0,0,0,0,0,0,2,1,2,1,0,1,-1.0582329218753146,1.5537448865803825,-1.6550799001491028,0.6561234188782292,-0.8150551798876612
0,0,0,0,0,0,0,0,0,0,2,0,0,1,0,0,0,0,0,0,0,0,0,0,0,0,2,1,0,1,2,0,2,0,0,0,0,1,1,1,1,1,0,0,0,1,0,0,0,0,0,2,0,2,0,1,1,1,1,1,1,1,1,1,1,1,1,1,2,1,1,1,2,0,0,0,0,0,0,1,0,0,0,1,1,1,0,1,0,1,0,0,0,0,0,1,1,1,1,0,1,1,0,0,1,0,0,0,0,0,0,0,0,1,1,1,1,1,1,0,1,0,1,1,1,1,1,1,1,1,0,0,1,1,0,1,0.003679045742318961,0.0725651365719059,2.1288676116065823,0.4221138171604208,-0.2021354053451408
0,0,0,0,0,0,0,0,1,1,0,0,1,1,1,0,0,1,0,0,0,1,0,0,0,0,0,1,0,0,1,1,2,1,1,0,0,2,1,0,0,2,0,0,0,0,1,0,0,1,0,0,0,1,0,2,0,1,0,0,0,2,2,2,0,2,0,0,1,0,0,0,2,0,0,1,0,0,1,1,1,0,1,0,2,1,0,1,0,1,0,0,0,1,0,0,0,0,0,0,0,0,0,0,0,1,0,0,0,0,0,0,0,1,0,0,0,1,1,0,1,1,1,1,1,1,1,1,1,1,0,0,1,0,0,1,-1.6348591760583553,-2.495489279737521,0.4641459741320521,0.4633548823643056,0.7118204890391776
0,0,0,0,0,0,0,0,0,0,2,0,0,1,0,0,0,1,0,0,0,1,0,0,0,0,1,0,0,0,1,1,0,0,0,0,0,1,2,0,1,0,1,0,0,1,0,0,0,1,0,0,0,1,0,0,0,1,2,2,0,0,0,0,2,0,2,0,1,1,0,0,0,0,0,1,1,0,0,1,1,0,1,0,0,0,1,0,0,2,1,1,1,1,1,1,0,0,0,0,1,1,1,1,1,0,1,1,1,1,1,1,1,1,1,1,1,1,0,2,0,1,1,1,1,1,1,1,2,2,0,0,1,1,2,1,2.1168308198866246,1.914620972477904,3.4737743489411352,-0.3288022857735386,-0.10693241175146573
0,0,0,0,0,0,0,0,0,0,2,0,0,1,0,0,0,0,2,2,2,0,2,2,2,2,0,0,0,0,1,0,0,1,1,0,2,0,0,0,0,1,1,0,0,0,1,0,0,0,0,1,0,0,0,0,0,0,1,1,0,0,0,0,1,1,1,1,0,0,0,0,0,1,1,0,0,0,0,2,0,0,0,1,1,1,0,0,0,2,0,0,1,2,0,1,0,0,0,1,0,0,0,0,0,1,0,0,0,0,0,0,0,0,0,0,0,2,1,0,1,0,0,0,0,0,0,0,0,0,2,0,2,0,0,1,-1.1907484276526454,3.650541269396599,-1.2102635365402834,-2.5652302107882106,-1.0278830860625339
0,0,0,0,0,0,0,0,2,2,0,0,1,0,0,0,0,0,0,0,0,0,0,0,0,0,0,1,1,0,2,1,1,1,1,0,0,2,1,0,0,2,0,1,1,2,1,2,2,1,1,0,0,0,0,0,0,1,1,1,0,1,1,1,0,0,0,1,0,0,2,1,1,1,1,0,1,0,0,1,0,0,0,2,0,0,0,2,0,0,0,0,0,0,2,1,0,0,0,0,1,1,1,1,1,1,1,1,1,1,1,1,1,0,1,1,1,0,0,1,0,0,0,0,0,0,0,0,0,0,0,0,0,1,1,2,3.9418035102427984,-0.8028049318857624,-0.8716219618257626,2.3367086630689844,-1.0073408031361413
0,1,1,1,1,1,1,1,1,1,1,1,0,1,0,0,1,0,0,0,0,1,0,0,0,0,1,1,0,0,0,0,1,0,0,0,0,2,1,0,0,1,2,2,1,1,2,0,2,2,2,2,0,2,0,0,0,1,0,0,0,2,2,2,0,2,0,1,1,2,0,0,1,0,0,1,1,1,0,0,1,0,1,1,0,0,1,0,0,2,1,1,0,1,0,1,0,0,0,1,1,1,0,0,1,0,0,0,0,0,0,0,0,1,1,1,1,1,1,0,1,0,1,1,1,1,1,1,1,1,2,0,2,0,1,1,-0.1768516631493055,-2.650070021239684,0.855848771230314,-0.7574970582992006,3.425113341125257
0,0,0,0,0,0,0,0,0,0,0,0,0,1,0,0,0,0,0,0,0,1,0,0,0,0,0,0,1,0,1,0,1,0,0,1,2,0,2,0,0,1,1,0,1,1,1,0,0,0,0,1,1,1,1,0,0,1,0,0,0,2,2,2,0,2,0,1,0,1,0,0,1,0,0,1,0,1,0,0,0,0,0,0,0,2,0,0,2,2,0,0,1,1,0,2,0,0,0,0,0,0,0,0,0,1,0,0,0,0,0,0,0,1,0,0,0,1,1,1,0,0,0,0,0,0,0,0,0,0,0,0,0,1,2,1,-0.9894001302007938,-0.9296827559593936,-1.2678728180469494,-2.127687635049138,0.37676797271700807
1,0,0,0,0,0,0,0,1,1,2,0,1,0,0,0,0,0,0,0,0,0,0,0,0,0,1,1,0,0,1,1,1,0,0,0,0,1,1,0,0,0,0,0,1,1,1,0,0,0,0,0,1,1,0,0,0,0,0,0,0,2,2,2,1,0,1,1,0,1,1,1,0,0,0,1,1,0,0,1,0,0,0,1,1,1,0,1,0,1,0,0,0,0,0,1,0,0,0,0,1,1,1,1,1,1,1,1,1,1,1,1,1,0,1,1,1,0,1,0,0,0,1,1,1,1,0,0,0,0,0,0,0,0,0,1,2.335297457829485,-2.1275575393710917,1.057798369182452,0.13347967201929156,-1.2703103656975372
0,1,1,1,1,1,1,1,0,0,2,0,0,1,0,1,1,0,0,0,0,0,0,0,0,0,2,1,0,0,2,0,1,0,0,1,0,1,0,0,1,1,0,0,1,1,1,0,0,0,0,0,0,0,0,0,0,2,1,1,0,1,1,1,0,2,0,0,0,0,0,0,1,2,2,1,0,1,0,1,0,0,0,0,0,2,0,0,1,2,0,1,0,1,0,0,0,0,0,0,0,0,0,0,0,1,0,0,0,0,0,0,0,1,0,0,0,1,0,0,1,0,0,0,0,0,0,1,1,1,1,2,2,0,0,2,-1.2630034796151388,0.8774927145471411,-0.049156099335597364,-1.0263431724116758,1.6705124643581697
0,0,0,0,0,0,0,0,0,0,0,2,0,1,1,0,0,0,0,0,0,1,0,0,0,0,0,0,1,0,1,1,1,0,0,1,0,2,2,0,0,0,1,0,1,1,2,1,1,2,1,0,1,1,0,0,0,1,0,0,0,2,2,2,1,1,1,1,1,2,0,0,1,0,0,0,0,1,0,1,0,0,0,0,1,0,0,2,0,0,0,1,0,1,0,1,0,0,0,1,0,0,0,0,0,1,0,0,0,0,0,0,0,0,0,0,0,1,2,1,0,0,0,0,0,0,0,0,0,0,1,0,1,1,1,1,-0.5038628407200266,-2.248635741775261,-2.6299522153367176,0.9933805931298386,-0.1411782533585498
0,0,0,0,0,0,0,0,0,0,0,0,0,0,1,0,0,1,0,0,0,1,0,0,0,0,1,1,0,0,0,2,1,0,0,1,0,1,1,0,2,1,1,0,0,0,2,0,0,0,0,0,1,0,0,0,0,1,1,1,0,1,1,1,0,0,0,0,1,1,0,0,0,1,1,1,0,0,0,0,0,0,0,0,1,0,0,2,0,0,0,0,0,0,0,2,0,0,0,1,2,2,2,2,2,0,2,2,2,2,2,2,2,0,1,2,2,0,1,0,2,1,0,0,0,0,0,0,0,0,0,0,1,0,1,2,6.3898887492298515,-1.223287027488963,0.45708062280997974,-0.20596062261447873,-1.4166615465316992
0,0,0,0,0,0,0,0,0,0,0,0,1,0,0,1,2,1,0,0,0,1,0,0,0,0,0,1,0,0,0,2,0,0,0,0,1,1,2,0,1,0,1,0,0,0,0,1,1,1,0,1,0,1,0,0,0,1,0,0,0,2,2,2,1,1,1,0,1,1,1,0,0,0,0,1,1,0,0,0,0,0,0,0,0,2,0,0,1,2,0,0,1,1,0,1,1,1,1,0,0,0,0,0,0,2,0,0,0,0,0,0,0,0,0,0,0,0,1,0,2,0,0,0,0,0,0,0,0,0,1,1,1,0,1,2,-0.9905689446497755,-1.615666929616029,-1.7496598766941127,-2.6658211749680807,-1.879919721764431
0,0,0,0,0,0,0,0,1,1,1,0,0,1,0,1,1,1,0,0,0,0,0,0,0,0,1,1,1,0,2,0,0,0,0,0,0,1,1,0,0,1,0,1,1,1,1,0,0,1,0,0,2,0,0,0,0,0,1,1,0,1,1,1,1,0,1,0,1,1,1,0,1,0,0,1,0,0,0,0,1,0,1,0,1,1,0,1,0,1,0,0,0,1,0,1,1,1,1,0,1,1,1,1,1,1,1,1,1,1,1,1,1,0,1,1,1,0,0,1,1,0,1,1,1,1,1,1,1,1,0,0,0,0,1,1,2.2037288420874286,-0.6945783594185438,2.516409987530038,0.757991760136093,-1.1638425516446482
0,0,0,0,0,0,0,0,1,1,1,0,0,1,0,0,0,2,0,0,0,1,0,0,0,0,0,1,0,0,1,1,0,0,0,0,2,0,2,1,0,1,0,0,1,1,0,1,1,1,1,1,0,1,1,0,1,1,1,1,1,1,1,1,0,1,0,0,1,0,0,0,1,1,1,1,1,0,0,1,1,0,1,2,0,2,0,0,1,2,0,0,1,0,1,0,0,0,0,0,1,1,1,1,1,0,1,1,1,1,1,1,1,1,1,1,1,1,0,2,0,0,0,0,0,0,0,0,0,0,2,1,2,1,0,1,2.8410490051021364,0.018746658419219023,-0.25001317941779794,-2.9653323754638095,0.6922962470790108
0,0,0,0,0,0,0,0,1,1,1,0,0,0,0,0,0,1,0,0,0,0,0,0,0,0,2,1,1,0,1,1,1,0,0,0,1,1,1,0,2,1,2,0,0,0,1,1,1,1,1,0,0,1,0,1,0,1,1,1,0,1,1,1,1,0,1,1,0,0,0,0,2,0,0,1,0,1,1,1,0,0,0,1,0,1,0,1,1,1,0,0,1,1,1,0,0,0,0,0,1,1,1,1,1,1,1,1,1,1,1,1,1,0,1,1,1,0,1,2,0,0,0,0,0,0,0,0,0,0,0,0,0,1,2,1,3.3847067005513427,-0.12113275995608454,0.0791524819919511,0.05756275107880253,-1.3522987537842888
0,0,0,0,0,0,0,0,1,1,0,1,1,0,1,0,0,0,0,0,0,1,0,0,0,0,2,1,0,0,1,1,1,0,0,1,0,0,1,0,0,2,0,1,1,1,1,2,2,2,2,0,0,2,0,1,0,0,0,0,0,1,1,1,1,1,1,0,0,1,0,0,0,1,1,0,0,0,0,0,0,0,0,0,1,0,0,1,0,1,0,1,0,1,0,1,0,0,0,0,0,0,0,0,0,1,0,0,0,0,0,0,0,1,0,0,0,1,1,0,0,1,0,0,0,0,0,0,0,0,1,0,1,1,1,2,-0.34821071033862977,-1.1873035299890613,-2.6930262127207816,1.6523082926741388,-0.6226599008033022
0,0,0,0,0,0,0,0,1,1,1,0,0,1,0,1,2,1,0,0,0,2,0,0,0,0,1,1,0,0,0,2,1,1,1,1,0,0,1,0,1,2,0,0,1,1,1,0,0,0,0,2,0,1,0,1,0,0,0,0,0,1,1,1,0,1,0,0,0,0,1,0,0,0,0,1,0,0,0,2,1,0,1,1,1,0,0,1,0,0,0,1,0,0,0,1,0,0,0,0,0,0,0,0,0,2,0,0,0,0,0,0,0,0,0,0,0,0,0,1,0,1,0,0,0,0,0,0,0,0,1,0,1,0,0,1,-0.9765858244000328,-1.1018399173251523,-1.7827570775381971,0.5218660233785335,-0.21435233291016795
0,0,0,0,0,0,0,0,0,0,2,0,0,1,1,0,0,0,0,0,0,1,0,0,0,0,1,1,0,0,2,0,1,0,0,2,0,0,1,0,0,2,0,0,0,0,1,0,0,0,0,2,0,0,0,0,1,1,2,2,0,0,0,0,1,1,1,0,0,1,0,0,0,0,0,0,2,0,0,1,1,0,1,0,1,0,0,2,0,0,0,0,0,0,0,0,0,0,0,2,0,0,0,0,0,1,0,0,0,0,0,0,0,0,0,0,0,1,0,1,0,0,0,0,0,0,0,0,0,0,1,0,0,1,1,1,-0.32450970076426255,2.6137457430901865,-0.9208691759755046,1.3166611963489026,0.4803070048838104
0,2,2,2,2,2,2,2,0,0,1,0,0,1,1,0,0,0,0,0,0,1,0,0,0,0,1,1,0,0,1,1,1,0,0,0,0,1,1,0,1,2,0,0,0,0,0,1,1,1,1,1,1,0,0,1,0,1,1,1,0,1,1,1,1,1,1,0,1,1,1,0,0,0,0,2,0,1,0,1,0,0,0,2,0,0,0,2,0,0,0,0,2,0,0,1,0,0,0,0,0,0,0,0,0,1,0,0,0,0,0,0,0,0,0,0,0,1,0,0,1,0,1,1,1,1,1,1,1,1,1,0,0,1,1,1,-1.0387030921695164,-0.07537882431632256,0.8400927656733601,3.1669341506363566,2.5715361935543295
1,0,0,0,0,0,0,0,0,0,1,0,0,1,0,0,0,0,0,0,0,1,0,0,0,0,1,1,0,0,2,0,1,1,1,0,1,0,0,0,1,1,1,2,0,0,0,0,0,2,0,1,0,0,0,0,0,2,2,2,0,0,0,1,1,1,1,1,2,0,0,0,0,1,1,0,0,0,0,2,1,1,1,1,1,1,0,1,0,1,0,0,0,1,1,0,0,0,0,1,0,0,0,0,0,0,0,0,0,0,0,0,0,1,0,0,0,1,1,0,2,0,0,0,0,0,0,0,0,0,1,0,1,1,0,1,-0.6138887844270552,2.4321540590343487,-0.6268836963508424,-0.7967086253951956,0.052477815859573666
0,0,0,0,0,0,0,0,1,1,0,0,1,0,0,1,1,2,0,0,0,1,0,0,0,0,2,0,2,0,1,1,0,0,0,1,0,2,1,0,1,0,2,1,0,0,1,0,0,1,0,1,0,0,0,1,0,1,0,0,0,1,1,1,0,1,0,1,1,1,0,0,0,1,1,1,1,0,0,1,2,1,2,2,0,2,0,1,1,2,0,0,0,0,0,2,1,1,1,0,0,0,0,0,0,0,0,0,0,0,0,0,0,1,0,0,0,1,1,0,1,0,1,1,1,1,1,1,1,1,2,0,2,1,0,2,-1.743044520732501,-1.0833918272660126,1.5821260501163303,-2.8586419739837003,0.18446149068243575
0,0,0,0,0,0,0,0,1,1,0,0,0,1,0,0,0,0,0,0,0,1,0,0,0,0,1,1,0,0,1,0,0,0,0,0,0,2,1,0,1,1,0,0,1,2,1,0,0,1,0,1,0,0,0,0,0,1,1,1,0,1,1,1,0,1,0,0,1,1,0,0,0,0,0,1,0,0,0,0,0,0,0,1,0,0,0,2,0,0,0,0,1,1,0,0,0,0,0,1,1,1,1,1,1,0,1,1,1,1,1,1,1,0,1,1,1,0,0,0,1,1,0,0,0,0,0,0,0,0,1,0,0,0,0,1,3.4347431275556337,-0.8362601774985697,-0.3096981835525411,0.9894136394830836,0.21732677063186231
0,0,0,0,0,0,0,0,1,1,1,0,0,0,0,0,0,0,0,0,0,1,0,0,0,0,2,1,1,0,1,0,0,0,0,1,0,1,1,0,0,2,1,0,1,1,0,0,0,1,0,2,1,0,0,0,1,1,1,1,0,1,1,1,2,0,2,0,1,1,0,0,0,0,0,0,0,1,0,1,1,0,1,1,0,1,0,1,0,1,0,0,0,0,0,1,1,1,1,0,0,0,0,0,0,1,0,0,0,0,0,0,0,1,0,0,0,1,0,0,1,0,0,0,0,1,0,1,1,0,0,0,1,1,1,1,-1.38242966725694,0.11821026825432719,0.22113401841272912,0.3590159385581865,-1.2736897230865587
0,0,0,0,0,0,0,0,1,1,1,0,0,2,0,0,0,0,0,0,0,1,0,0,0,0,2,0,1,0,1,0,2,0,0,0,0,1,0,0,0,2,0,0,2,2,1,0,0,2,0,1,0,1,0,0,0,1,0,0,0,2,2,2,0,1,0,1,2,0,0,0,1,1,1,0,0,1,1,0,1,0,1,2,0,1,0,1,0,1,0,0,0,1,0,0,0,0,0,2,1,1,1,1,1,0,1,1,1,1,1,1,1,0,1,1,1,1,0,2,0,0,1,1,1,1,1,2,2,2,1,0,1,0,1,2,1.789310509770799,-2.999622166062142,3.4616076551047983,-0.07813411366980728,1.5709758511380547
0,0,0,0,0,0,0,0,1,1,1,1,0,1,0,0,0,1,0,0,0,1,0,0,0,0,1,1,0,1,1,1,1,0,0,0,0,2,1,0,0,1,0,0,1,1,2,0,0,1,0,1,0,1,0,2,0,0,2,2,0,0,0,0,0,0,0,0,1,0,1,1,1,0,0,0,0,0,0,0,0,0,0,0,0,0,0,2,0,0,0,0,0,0,1,1,0,0,0,0,1,1,1,1,1,1,1,1,1,1,1,1,1,0,1,1,1,1,0,0,0,0,0,0,0,0,0,0,0,0,0,0,0,0,0,1,3.4223696655932407,1.054161676605897,-0.21214863134613643,2.485686081303429,-0.44595977413936405
0,0,0,0,0,0,0,0,0,0,1,0,0,1,0,0,0,0,0,0,0,0,0,0,0,0,2,0,1,0,1,1,0,0,0,1,0,2,1,0,0,0,0,0,1,1,0,0,0,1,0,2,1,0,1,0,0,2,0,0,0,1,1,1,1,1,1,1,1,2,0,0,0,0,0,0,1,0,1,1,1,0,1,1,0,0,0,2,0,0,0,0,1,2,0,1,1,1,1,0,1,1,0,0,1,0,0,0,0,0,0,0,0,1,1,1,1,1,0,1,1,1,0,0,0,0,0,0,0,0,0,0,0,0,0,2,0.7444655866763926,-0.8215375832333326,-0.5312882260736346,0.15847417332941696,0.11999189727079074
0,0,0,0,0,0,0,0,1,1,0,1,0,1,1,1,1,1,0,0,0,1,0,0,0,0,2,2,0,0,0,2,1,0,0,0,0,1,1,1,1,1,1,1,0,0,1,1,1,1,1,1,0,2,1,1,0,1,0,0,0,2,2,2,1,0,1,0,1,0,2,1,1,0,0,0,1,0,0,1,1,0,1,0,1,1,0,1,0,1,0,0,0,1,1,0,0,0,0,0,1,1,1,1,1,1,1,1,1,1,1,1,1,0,1,1,1,0,0,1,1,0,0,0,0,0,0,0,0,0,0,0,0,0,1,2,2.873409383679775,-2.4849679685203143,-0.5073211239600784,0.12321197298711456,-1.5187559467504728
0,0,0,0,0,0,0,0,2,2,1,0,0,0,0,0,1,0,0,0,0,1,0,0,0,0,2,0,2,0,0,1,0,1,1,1,0,0,1,0,0,2,0,0,1,2,2,0,0,0,0,0,0,0,0,0,0,0,1,1,1,1,1,1,0,0,0,0,1,1,1,0,0,0,0,0,0,1,0,0,1,0,1,1,1,1,0,1,0,1,0,0,0,1,0,1,0,0,0,0,0,0,0,0,0,2,0,0,0,0,0,0,0,0,0,0,0,0,1,1,1,0,1,1,1,1,1,1,1,1,0,0,0,0,1,2,-1.6740618349088991,-0.8970870100100529,1.4894617818766689,1.039875538757094,-1.099199491381809
0,0,0,0,0,0,0,0,0,0,0,0,1,1,0,0,1,0,0,0,0,0,0,0,0,0,1,1,0,0,1,1,1,0,0,1,0,0,1,0,2,1,1,0,0,1,1,0,0,0,0,2,1,0,0,0,0,1,1,1,1,1,1,1,0,1,0,0,1,1,0,0,0,1,1,1,0,1,0,0,2,0,2,0,0,0,0,1,0,0,0,1,0,1,0,0,0,0,0,1,1,1,0,0,1,1,0,0,0,0,0,0,0,0,1,1,1,0,1,0,1,0,1,1,1,1,0,0,0,0,0,0,0,0,2,1,0.4664391914003275,-0.5459765621928073,0.2939822693108552,-0.16940251793582475,0.7017274658630167
1,0,0,0,0,0,0,0,0,0,0,1,0,1,1,0,0,0,0,0,0,0,0,0,0,0,1,1,1,0,0,2,0,0,0,1,0,1,0,0,0,1,0,1,2,2,1,0,0,0,0,1,1,1,1,0,0,0,0,0,0,2,2,2,0,0,0,1,1,1,0,0,1,0,0,1,1,0,0,0,1,0,1,1,1,0,0,2,0,0,0,1,0,0,1,0,0,0,0,0,0,0,0,0,0,2,0,0,0,0,0,0,0,0,0,0,0,0,0,0,0,2,0,0,0,0,0,0,0,0,0,0,0,0,0,1,-0.9916439685291814,-2.9019869818461492,-2.069123761937333,1.3845888130207362,-0.5647161637224003
0,0,0,0,0,0,0,0,2,2,0,0,0,1,1,0,0,0,0,0,0,0,0,0,0,0,2,1,0,0,1,1,1,0,0,1,1,0,1,0,1,1,1,0,2,2,1,0,0,0,0,1,0,2,0,0,0,0,1,1,0,1,0,0,0,1,0,2,1,1,1,1,0,0,0,1,1,1,0,1,1,0,1,2,1,1,0,1,1,1,0,0,1,0,1,0,0,0,0,0,0,0,0,0,0,0,0,0,0,0,0,0,0,2,0,0,0,2,1,0,2,1,1,1,1,1,1,1,1,1,0,1,1,0,1,1,-1.6460111178825605,0.23659907121709356,1.4751347591735418,0.10235065892369126,1.2020463560103052
0,0,0,0,0,0,0,0,0,0,1,0,0,1,0,0,0,0,0,0,0,1,0,0,0,0,0,1,0,0,2,0,0,0,0,1,1,1,0,0,1,1,1,0,0,0,0,0,0,0,0,0,0,0,1,0,0,0,0,0,0,2,2,2,1,0,1,0,0,2,0,0,1,0,0,0,0,0,0,0,1,0,1,1,1,1,1,0,0,2,1,1,0,1,1,0,0,0,0,0,0,0,0,0,0,1,0,0,0,0,0,0,0,0,0,0,0,0,1,1,1,0,0,0,0,0,0,0,0,0,1,1,2,1,2,2,-0.9665882243489964,-1.2098991736340599,-1.3660400956770877,-2.355517910541546,-0.27363392259837765
0,0,0,0,0,0,0,0,1,1,2,0,0,1,1,1,1,0,0,0,0,1,0,0,0,0,2,0,0,0,2,0,1,0,0,0,0,2,1,0,1,0,0,1,0,0,0,0,0,0,0,2,0,1,0,0,0,0,1,1,0,0,0,0,0,0,0,0,1,2,1,0,0,0,0,0,1,0,0,1,0,0,0,1,2,1,0,1,0,1,0,0,0,0,0,0,0,0,0,1,0,0,0,0,0,1,0,0,0,0,0,0,0,1,0,0,0,1,1,1,1,1,0,0,0,0,0,0,0,0,1,0,1,0,2,2,-0.6602966285708788,1.462156291501089,-0.49979634140089096,-0.2136960773405449,0.2928003303802182
0,0,0,0,0,0,0,0,1,1,0,0,0,2,0,0,1,1,0,0,0,1,0,0,0,0,2,0,0,0,0,1,1,1,1,1,0,0,1,0,0,1,1,0,0,1,2,0,0,0,0,2,1,0,0,1,0,1,1,1,0,1,1,1,1,0,1,1,2,1,1,1,0,0,0,0,0,0,1,0,1,0,1,2,2,1,0,0,0,2,0,1,0,1,0,0,0,0,0,0,0,0,0,0,0,1,0,0,0,0,0,0,0,1,0,0,0,1,0,0,0,0,1,1,1,1,1,1,1,1,1,1,1,0,1,1,-2.3132003309332463,-0.1735725531626786,2.118100982759359,-0.2748001613696977,-0.6513534927806613
0,0,0,0,0,0,0,0,1,1,0,0,0,1,1,1,1,0,0,0,0,2,0,0,0,0,1,1,0,0,1,0,1,0,0,1,0,1,2,1,0,0,0,1,1,1,0,1,1,2,2,0,0,1,0,1,0,1,1,1,0,1,1,1,0,1,0,1,1,1,1,1,1,1,1,0,0,0,0,0,2,0,2,1,0,0,0,2,0,0,0,0,1,1,0,0,0,0,0,0,0,0,0,0,0,2,0,0,0,0,0,0,0,0,0,0,0,0,0,1,1,1,0,0,0,0,0,0,0,0,2,1,2,1,1,1,-0.15856736347863382,-0.9136970041390401,-2.551564841490991,0.8587494822848853,1.1952613236778282
1,0,0,0,0,0,0,0,0,0,1,0,0,1,0,0,0,0,0,0,0,1,0,0,0,0,0,1,1,1,0,2,1,0,0,0,0,1,0,0,1,0,0,1,1,1,1,0,0,0,0,1,0,1,1,0,0,0,1,1,0,0,0,0,0,2,0,1,0,1,1,1,0,0,0,0,0,1,0,1,0,0,0,2,0,2,0,0,0,2,0,0,0,2,1,0,0,0,0,1,0,0,0,0,0,1,0,0,0,0,0,0,0,0,0,0,0,1,1,0,0,1,0,0,0,0,0,0,0,0,1,0,1,0,1,1,-0.9655744982786378,1.792808480455471,-0.9691375123315904,-1.318219890353574,0.3238546845342109
0,0,0,0,0,0,0,0,1,1,1,1,0,0,1,1,1,0,0,0,0,0,0,0,0,0,1,1,0,0,1,1,0,1,1,0,1,1,1,0,0,0,1,2,1,1,1,0,0,1,1,1,0,1,0,0,1,1,0,0,0,2,2,2,2,0,2,0,1,0,1,0,1,1,1,0,0,0,0,0,0,0,0,0,1,1,0,1,1,1,0,0,1,0,1,1,1,1,1,0,0,0,0,0,0,1,0,0,0,0,0,0,0,1,0,0,0,1,1,1,1,1,0,0,0,0,0,0,0,0,0,0,0,1,1,1,-0.8582171507666942,-1.864218488180778,-1.3679110419480494,-0.01576264492214163,-2.5394888901974646
0,0,0,0,0,0,0,0,1,1,1,0,0,1,1,0,0,0,0,0,0,0,0,0,0,0,1,1,0,0,0,2,1,1,1,0,1,1,1,0,1,1,1,0,2,2,0,0,0,0,0,1,0,0,1,0,0,1,0,0,1,2,2,2,1,1,1,0,2,1,0,0,1,0,0,0,2,0,0,1,1,0,1,1,2,1,0,0,0,1,0,0,2,0,1,0,0,0,0,1,1,1,1,1,1,0,1,1,1,1,1,1,1,0,1,1,1,1,1,1,0,0,0,0,0,0,0,0,0,0,2,2,2,0,2,1,2.265191849070582,-2.462354133957724,0.08692390351772768,-2.5688922187972856,0.02668204246704599
0,0,0,0,0,0,0,0,1,1,2,0,1,1,0,1,1,0,0,0,0,1,0,0,0,0,1,1,0,0,2,0,0,0,0,1,2,0,2,0,1,1,1,0,0,0,0,0,0,1,0,1,0,2,0,0,0,1,1,1,0,1,2,1,0,1,0,0,1,0,1,0,1,1,1,0,0,0,0,1,1,1,1,0,0,0,0,2,0,0,0,0,0,2,0,0,0,0,0,0,0,0,0,0,0,1,0,0,0,0,0,0,0,1,0,0,0,1,1,0,1,0,1,1,1,1,1,1,1,0,1,0,1,1,2,2,-1.1486301333536395,-0.5343877237195978,0.3766970143396122,-0.1745048064951264,1.1073533315541901
0,0,0,0,0,0,0,0,0,0,1,0,0,1,1,0,0,0,0,0,0,1,0,0,0,0,0,1,0,0,1,1,0,0,0,0,0,1,1,0,1,2,0,1,0,0,0,0,0,1,1,2,0,1,0,0,0,0,0,0,0,1,1,1,0,1,0,2,0,0,0,0,1,1,1,1,1,1,0,1,0,0,0,0,0,1,0,1,1,1,0,0,1,1,0,1,1,1,1,1,0,0,0,0,0,0,0,0,0,0,0,0,0,2,0,0,0,2,1,1,1,0,0,0,0,0,0,0,0,0,0,0,1,1,2,1,-0.597092811823374,0.001932309364383433,-1.4602413113335633,-1.4964402877502525,0.6077309665159681
0,0,0,0,0,0,0,0,0,0,0,0,0,1,0,1,0,1,0,0,0,1,0,0,0,0,1,1,0,0,1,1,1,0,0,1,0,1,1,0,0,1,2,0,1,2,2,0,0,1,0,0,0,0,0,1,0,0,2,2,0,0,0,0,1,0,1,0,0,0,1,0,0,1,1,1,0,1,0,1,0,0,0,1,1,1,0,1,0,1,0,0,0,2,0,0,0,0,0,0,1,1,0,0,1,0,0,0,0,0,0,0,0,1,1,1,1,1,2,0,1,1,0,0,0,0,1,1,1,1,0,0,0,2,1,1,0.3647484200078543,1.9394500562523498,0.8493553544072557,1.383752742409317,-1.2308568643359836
0,0,0,0,0,0,0,0,0,0,2,0,0,0,0,0,0,0,0,0,0,0,0,0,0,0,0,0,0,0,0,1,1,0,0,1,0,1,2,1,0,1,0,0,1,1,2,1,1,2,1,0,1,1,0,0,0,0,1,1,0,1,1,1,0,1,0,2,2,1,0,0,2,0,0,1,0,0,0,1,2,1,2,1,0,1,0,1,0,1,0,0,0,1,0,1,1,1,1,0,0,0,0,0,0,0,0,0,0,0,0,0,0,2,0,0,0,2,1,1,1,0,0,0,0,0,0,0,0,0,0,0,0,1,0,1,-0.8524117665321156,0.18579333430441192,-1.7422832688197727,-0.5024089875139337,0.8586953921699869
0,0,0,0,0,0,0,0,1,1,1,0,0,2,0,0,0,0,0,0,0,2,0,0,0,0,1,0,0,0,1,1,1,0,0,0,0,1,1,1,1,2,1,0,0,0,2,1,1,2,1,2,1,1,1,0,0,0,1,1,0,1,1,1,0,2,0,0,0,1,1,0,1,0,0,1,0,1,0,0,1,0,1,1,1,0,0,2,0,0,0,0,1,0,0,1,0,0,0,0,0,0,0,0,0,2,0,0,0,0,0,0,0,0,0,0,0,0,0,0,0,2,1,0,0,0,0,0,0,0,1,1,1,0,1,1,-0.46452983202317966,-0.45727112835731015,-1.9172253558197736,1.7370685116272333,1.0854549640223101
1,0,0,0,0,0,0,0,0,0,2,0,0,1,0,0,0,1,0,0,0,1,0,0,0,0,0,0,0,0,2,0,0,0,0,0,0,1,0,0,2,1,0,0,1,1,1,0,0,0,0,2,0,1,0,1,0,0,1,1,0,1,1,1,2,0,2,0,2,0,1,1,0,0,0,1,0,0,0,1,2,0,2,2,1,0,1,1,0,1,1,1,0,1,0,1,0,0,0,0,0,0,0,0,0,0,0,0,0,0,0,0,0,1,0,0,0,2,0,1,0,1,0,0,0,0,0,0,0,0,1,0,1,0,1,1,-1.0996772069656684,0.9546056421351549,-0.9848295216578143,-0.2972551286163171,0.49429966628964567
1,0,0,0,0,0,0,0,0,0,0,0,0,0,1,1,1,0,0,0,0,1,0,0,0,0,1,1,1,0,0,1,0,0,0,1,1,1,1,0,1,1,0,1,1,1,0,0,0,1,0,0,0,0,0,0,0,2,1,1,0,1,1,1,0,0,0,2,0,0,1,1,1,0,0,0,1,1,1,1,0,0,0,0,0,2,0,0,2,2,0,0,2,1,0,1,1,1,1,0,1,1,1,1,1,0,1,1,1,1,1,1,1,0,1,1,1,1,0,1,1,0,0,0,0,0,0,0,0,0,0,0,0,2,1,2,2.973317029927461,0.4979917326541459,0.27127296765996745,-2.0543218159439323,-1.4513101691169716
0,1,1,1,1,1,1,1,0,0,2,0,0,0,0,0,0,1,0,0,0,1,0,0,0,0,0,1,0,0,0,0,1,0,0,0,1,1,1,1,0,0,1,0,0,0,0,0,0,0,0,0,1,1,0,0,0,1,1,1,0,0,0,0,0,1,0,1,0,0,1,0,1,0,0,0,1,2,0,1,0,0,0,1,0,0,0,2,0,0,0,0,0,1,0,1,0,0,0,0,0,0,0,0,0,2,1,0,0,0,0,0,0,0,0,0,0,0,0,0,0,1,0,0,0,0,0,0,0,0,1,0,0,0,1,1,-0.05255948610881901,1.444198373685463,-1.2951332758371794,1.642729891552412,1.7850961475468408
1,0,0,0,0,0,0,0,1,1,1,0,0,0,0,0,0,1,0,0,0,1,0,0,0,0,1,1,1,0,1,1,0,1,1,0,0,1,1,1,2,0,0,1,1,1,0,0,0,0,0,1,2,2,0,1,0,0,0,0,0,2,1,0,0,0,0,0,0,0,0,0,0,0,0,1,1,0,2,0,2,0,2,0,0,0,0,1,0,0,0,1,1,1,0,0,0,0,0,1,0,0,0,0,0,1,0,0,0,0,0,0,0,0,0,0,0,1,1,0,1,1,0,0,0,0,0,0,0,0,0,0,1,0,1,1,-0.5437449786550708,-1.126773715533062,-1.8632718691360075,-0.18129449584372676,1.2783840312579813
1,2,2,2,2,2,2,2,0,0,1,0,0,1,0,0,0,0,0,0,0,1,0,0,0,0,0,2,0,0,1,0,2,0,0,0,0,1,0,0,0,1,0,0,0,0,0,1,1,1,1,0,1,0,0,1,0,1,1,1,0,1,1,1,0,0,0,1,0,1,2,1,0,0,0,1,1,1,0,1,2,1,2,0,0,2,0,0,0,2,0,0,0,1,1,0,0,0,0,0,1,1,0,0,1,0,0,0,0,0,0,0,0,1,1,1,1,1,0,0,1,1,0,0,0,1,0,1,1,0,0,0,0,0,1,2,0.5895938688288419,0.9894894813353984,0.17867858684866905,0.3368112409168932,4.094066371620361
1,0,0,0,0,0,0,0,0,0,1,1,1,1,0,0,0,0,1,1,1,0,1,1,1,1,1,0,1,0,2,0,0,0,0,0,1,1,0,0,0,0,1,0,0,0,0,0,0,0,0,1,0,1,0,0,0,1,1,1,0,1,1,1,1,1,1,1,2,1,1,0,0,1,1,0,1,0,0,1,2,1,2,0,0,1,0,1,1,1,0,0,1,1,1,0,0,0,0,1,1,1,1,1,0,1,0,0,0,0,0,0,0,0,0,0,0,0,0,0,2,0,0,0,0,1,0,1,1,0,0,1,1,0,0,2,-0.21165836645568992,0.9514096024748471,0.09145959900885993,-1.7607511891722356,0.0830983308298607
0,0,0,0,0,0,0,0,0,0,1,0,0,0,0,2,1,0,0,0,0,1,0,0,0,0,0,2,0,0,0,2,0,0,0,1,0,1,0,0,1,2,2,0,0,0,2,1,1,2,1,0,0,0,0,0,0,0,1,1,0,1,1,2,0,2,0,0,2,0,2,1,0,0,0,0,0,0,0,1,1,1,1,0,1,2,0,0,0,2,0,0,0,1,0,1,0,0,0,1,0,0,0,0,0,2,0,0,0,0,0,0,0,0,0,0,0,0,2,0,1,0,0,0,0,0,0,0,0,0,2,0,2,0,1,2,-1.1190581937840798,-0.024091327274347703,-1.7556859394821067,-2.1759639484282274,-0.7205111764182148
0,0,0,0,0,0,0,0,1,1,1,0,0,1,0,0,0,0,0,0,0,2,0,0,0,0,0,1,0,1,0,1,0,0,0,1,0,2,2,0,1,1,1,0,1,1,0,0,0,0,0,0,0,1,0,0,0,1,0,0,0,2,2,2,0,1,0,0,1,0,0,0,0,1,1,1,0,0,1,2,1,0,1,0,2,1,0,1,0,1,0,0,0,1,0,0,0,0,0,1,0,0,0,0,0,1,0,0,0,0,0,0,0,0,0,0,0,0,0,0,1,0,0,0,0,0,0,0,0,0,1,0,2,0,1,2,-1.0443370916776504,-2.065671579721337,-1.678400793145652,-1.538598747963966,0.22975635153842863
